{
  "mAP50": 0.7255201544885816,
  "mAP50_95": 0.3322094806359228,
  "precision": 0.8409582058066625,
  "recall": 0.6213086414060254,
  "training_time_min": 119.2,
  "fps": 73.2,
  "timestamp": "20260208_0043",
  "classes": [
    "Fighting",
    "Fire",
    "Gun",
    "Knife"
  ]
}